City_ID,City,Lat,Lng,Max Temp,Humidity,Cloudiness,Wind Speed,Country,Date
0,Kondinskoye,59.6481,67.41,74.26,54,4,8.08,RU,2021-08-14 14:28:18
1,Busselton,-33.65,115.3333,48.09,85,0,8.39,AU,2021-08-14 14:28:19
2,Grand Gaube,-20.0064,57.6608,73.8,69,0,4.0,MU,2021-08-14 14:28:19
3,Hilo,19.7297,-155.09,72.81,90,90,4.61,US,2021-08-14 14:27:28
4,Ushuaia,-54.8,-68.3,35.22,80,20,0.0,AR,2021-08-14 14:26:35
5,Alta Floresta,-9.8756,-56.0861,87.62,45,0,2.3,BR,2021-08-14 14:28:20
6,Raudeberg,61.9875,5.1352,58.87,87,100,2.53,NO,2021-08-14 14:28:20
7,Bluff,-46.6,168.3333,45.81,76,95,23.73,NZ,2021-08-14 14:28:20
8,Ribeira Grande,38.5167,-28.7,79.2,78,20,16.11,PT,2021-08-14 14:28:21
9,Oum Hadjer,13.2954,19.6966,90.77,48,60,6.22,TD,2021-08-14 14:28:21
10,Castro,-24.7911,-50.0119,57.13,85,94,7.7,BR,2021-08-14 14:28:05
11,Harrismith,-28.2728,29.1295,37.96,95,100,5.88,ZA,2021-08-14 14:28:21
12,Kavieng,-2.5744,150.7967,83.86,75,67,15.23,PG,2021-08-14 14:28:22
13,Mataura,-46.1927,168.8643,45.48,83,100,7.45,NZ,2021-08-14 14:28:22
14,Thompson,55.7435,-97.8558,59.16,88,75,6.91,CA,2021-08-14 14:26:34
15,Atuona,-9.8,-139.0333,77.61,78,34,15.79,PF,2021-08-14 14:28:22
16,New Norfolk,-42.7826,147.0587,53.1,61,100,1.01,AU,2021-08-14 14:28:23
17,Punta Arenas,-53.15,-70.9167,37.51,93,90,5.75,CL,2021-08-14 14:27:54
18,Mayo,38.8876,-76.5119,86.58,82,1,1.01,US,2021-08-14 14:28:23
19,Victoria,22.2855,114.1577,83.32,87,100,8.21,HK,2021-08-14 14:26:20
20,Garner,35.7113,-78.6142,89.06,76,10,6.96,US,2021-08-14 14:24:06
21,Burnie,-41.0667,145.9167,52.84,83,100,15.66,AU,2021-08-14 14:28:23
22,Ashtabula,41.7001,-80.7665,75.45,82,1,4.61,US,2021-08-14 14:28:24
23,Rikitea,-23.1203,-134.9692,74.19,80,100,15.01,PF,2021-08-14 14:27:32
24,Jamestown,42.097,-79.2353,71.29,68,65,4.0,US,2021-08-14 14:28:24
25,Dandong,40.1292,124.3947,67.95,92,3,3.27,CN,2021-08-14 14:28:24
26,Mar Del Plata,-38.0023,-57.5575,42.82,100,90,10.36,AR,2021-08-14 14:27:35
27,Haines Junction,60.7522,-137.5108,39.15,100,100,2.3,CA,2021-08-14 14:28:25
28,Changji,44.0167,87.3167,74.19,46,0,8.95,CN,2021-08-14 14:28:25
29,Bambous Virieux,-20.3428,57.7575,73.65,78,75,10.36,MU,2021-08-14 14:28:26
30,Cape Town,-33.9258,18.4232,66.61,49,0,1.99,ZA,2021-08-14 14:28:18
31,Hermanus,-34.4187,19.2345,61.81,58,0,16.02,ZA,2021-08-14 14:28:26
32,El Carmen,8.5106,-73.4478,73.24,82,100,0.67,CO,2021-08-14 14:28:26
33,Aksu,41.1231,80.2644,76.69,36,94,8.81,CN,2021-08-14 14:28:27
34,Leningradskiy,69.3833,178.4167,41.2,82,99,17.69,RU,2021-08-14 14:28:27
35,Pisco,-13.7,-76.2167,62.65,82,90,3.44,PE,2021-08-14 14:28:27
36,Ostrovnoy,68.0531,39.5131,50.72,82,97,17.98,RU,2021-08-14 14:28:27
37,Georgetown,5.4112,100.3354,82.33,82,20,2.3,MY,2021-08-14 14:24:24
38,Guarapari,-20.6667,-40.4975,75.09,66,100,5.14,BR,2021-08-14 14:28:28
39,Boyolangu,-8.1181,111.8935,74.82,94,35,4.59,ID,2021-08-14 14:28:28
40,Lompoc,34.6391,-120.4579,61.79,96,90,0.0,US,2021-08-14 14:28:28
41,Nanakuli,21.3906,-158.1547,76.95,76,75,4.61,US,2021-08-14 14:28:29
42,Saldanha,-33.0117,17.9442,59.97,56,0,10.33,ZA,2021-08-14 14:28:29
43,Luderitz,-26.6481,15.1594,72.16,31,0,17.58,NA,2021-08-14 14:28:29
44,Skibbereen,51.55,-9.2667,62.4,91,66,19.62,IE,2021-08-14 14:28:30
45,Yellowknife,62.456,-114.3525,57.72,100,75,6.91,CA,2021-08-14 14:25:16
46,Severo-Kurilsk,50.6789,156.125,52.56,87,11,7.87,RU,2021-08-14 14:28:30
47,Vaini,-21.2,-175.2,66.36,82,20,5.75,TO,2021-08-14 14:28:30
48,Chokurdakh,70.6333,147.9167,42.24,70,100,12.57,RU,2021-08-14 14:24:14
49,Kodiak,57.79,-152.4072,49.51,62,75,10.36,US,2021-08-14 14:28:31
50,Talnakh,69.4865,88.3972,55.0,86,100,5.91,RU,2021-08-14 14:28:31
51,Esperance,-33.8667,121.9,53.44,82,10,10.29,AU,2021-08-14 14:28:31
52,Vilaka,57.1846,27.6722,71.46,68,100,13.22,LV,2021-08-14 14:28:32
53,Kihei,20.785,-156.4656,74.46,90,1,11.5,US,2021-08-14 14:26:14
54,Kapaa,22.0752,-159.319,79.12,90,75,13.8,US,2021-08-14 14:28:32
55,Iqaluit,63.7506,-68.5145,44.33,81,75,12.66,CA,2021-08-14 14:28:32
56,Buchanan,5.8808,-10.0467,84.16,65,94,9.44,LR,2021-08-14 14:28:33
57,Urumqi,43.801,87.6005,70.75,46,0,8.95,CN,2021-08-14 14:28:33
58,Port-Gentil,-0.7193,8.7815,84.16,70,75,14.97,GA,2021-08-14 14:28:33
59,Albany,42.6001,-73.9662,77.54,84,82,1.99,US,2021-08-14 14:27:47
60,Yulara,-25.2406,130.9889,58.84,31,6,8.05,AU,2021-08-14 14:28:34
61,Vao,-22.6667,167.4833,66.15,61,22,16.2,NC,2021-08-14 14:28:34
62,Coos Bay,43.3665,-124.2179,66.02,94,90,0.0,US,2021-08-14 14:28:34
63,Staraya Poltavka,50.4772,46.4814,95.79,11,85,6.11,RU,2021-08-14 14:28:35
64,Touros,-5.1989,-35.4608,86.9,52,12,17.29,BR,2021-08-14 14:28:35
65,Bredasdorp,-34.5322,20.0403,61.29,48,0,16.11,ZA,2021-08-14 14:28:35
66,Ponta Do Sol,32.6667,-17.1,86.72,66,89,1.92,PT,2021-08-14 14:28:35
67,Arlit,18.7369,7.3853,100.87,22,0,0.85,NE,2021-08-14 14:28:36
68,Saint-Philippe,-21.3585,55.7679,72.95,84,20,16.91,RE,2021-08-14 14:28:36
69,Ahipara,-35.1667,173.1667,54.72,86,34,11.27,NZ,2021-08-14 14:28:36
70,Cidreira,-30.1811,-50.2056,61.74,83,63,16.26,BR,2021-08-14 14:28:37
71,Sosnovo-Ozerskoye,52.5249,111.5418,56.98,81,63,5.91,RU,2021-08-14 14:28:37
72,Mahebourg,-20.4081,57.7,73.69,78,75,10.36,MU,2021-08-14 14:28:37
73,Taywarah,33.35,64.4167,67.6,17,1,19.71,AF,2021-08-14 14:28:38
74,Iracoubo,5.4802,-53.2011,82.63,76,77,9.13,GF,2021-08-14 14:28:38
75,Patan,27.6667,85.3333,73.78,94,75,2.3,NP,2021-08-14 14:28:38
76,Korla,41.7597,86.1469,83.44,26,95,12.01,CN,2021-08-14 14:28:39
77,Ulaanbaatar,47.9077,106.8832,57.33,82,0,0.0,MN,2021-08-14 14:28:15
78,Road Town,18.4167,-64.6167,87.21,79,40,11.5,VG,2021-08-14 14:27:16
79,Geraldton,-28.7667,114.6,50.41,93,0,8.05,AU,2021-08-14 14:28:39
80,Dingle,10.9995,122.6711,78.31,85,59,2.01,PH,2021-08-14 14:28:39
81,Bengkulu,-3.8004,102.2655,78.53,86,100,3.04,ID,2021-08-14 14:25:31
82,Tayoltita,24.0833,-105.9333,69.44,80,2,4.12,MX,2021-08-14 14:28:40
83,Inuvik,68.3499,-133.7218,45.36,97,75,2.3,CA,2021-08-14 14:28:40
84,Shimorskoye,55.3244,42.0267,75.7,39,1,3.6,RU,2021-08-14 14:28:41
85,Port Augusta,-32.5,137.7667,50.7,54,6,3.87,AU,2021-08-14 14:28:41
86,Tura,25.5198,90.2201,74.75,95,100,5.26,IN,2021-08-14 14:28:41
87,Safford,32.834,-109.7076,74.32,78,75,6.91,US,2021-08-14 14:28:42
88,Upernavik,72.7868,-56.1549,45.05,94,100,8.25,GL,2021-08-14 14:28:42
89,Xichang,27.8964,102.2634,65.3,91,100,0.85,CN,2021-08-14 14:28:42
90,Butaritari,3.0707,172.7902,82.31,75,69,9.51,KI,2021-08-14 14:28:42
91,Semnan,35.5729,53.3971,91.71,26,32,13.04,IR,2021-08-14 14:28:43
92,Sakakah,29.9697,40.2064,105.37,12,0,6.69,SA,2021-08-14 14:28:43
93,Saint George,37.1041,-113.5841,86.54,41,1,1.01,US,2021-08-14 14:27:12
94,Horta,38.5333,-28.6333,78.44,78,20,16.11,PT,2021-08-14 14:28:44
95,Hobart,-42.8794,147.3294,53.46,60,75,5.01,AU,2021-08-14 14:28:44
96,Tukrah,32.5341,20.5791,84.33,62,0,20.33,LY,2021-08-14 14:28:44
97,Cabo San Lucas,22.8909,-109.9124,82.51,73,15,7.0,MX,2021-08-14 14:24:12
98,Nokha,27.6,73.4167,94.57,34,100,16.62,IN,2021-08-14 14:28:45
99,Biltine,14.5333,20.9167,91.36,42,21,7.67,TD,2021-08-14 14:28:45
100,Torbay,47.6666,-52.7314,75.97,90,90,10.36,CA,2021-08-14 14:28:45
101,Lagoa,39.05,-27.9833,73.45,83,58,4.03,PT,2021-08-14 14:28:46
102,Tiksi,71.6872,128.8694,40.06,84,79,3.4,RU,2021-08-14 14:28:46
103,Pokrovka,42.3414,78.0056,58.32,58,100,2.24,KG,2021-08-14 14:28:46
104,Severnyy,50.677,36.5532,78.84,36,0,11.18,RU,2021-08-14 14:28:46
105,Fortuna,40.5982,-124.1573,57.36,75,90,1.01,US,2021-08-14 14:28:47
106,Scarborough,54.2797,-0.4044,67.91,58,48,3.0,GB,2021-08-14 14:28:47
107,Port Alfred,-33.5906,26.891,62.02,65,64,20.11,ZA,2021-08-14 14:28:47
108,Qaanaaq,77.484,-69.3632,42.49,92,100,5.48,GL,2021-08-14 14:28:48
109,Mecca,21.4267,39.8261,105.17,22,15,16.31,SA,2021-08-14 14:28:48
110,Puerto Escondido,15.85,-97.0667,79.63,78,20,5.75,MX,2021-08-14 14:28:48
111,Talcahuano,-36.7167,-73.1167,46.08,76,90,4.61,CL,2021-08-14 14:28:49
112,Tual,-5.6667,132.75,80.19,84,82,19.19,ID,2021-08-14 14:28:49
113,Nikolskoye,59.7035,30.7861,71.49,86,100,10.04,RU,2021-08-14 14:28:49
114,Methoni,36.8197,21.7049,91.26,67,82,9.44,GR,2021-08-14 14:28:50
115,Tuatapere,-46.1333,167.6833,45.82,83,91,8.08,NZ,2021-08-14 14:28:50
116,Bethel,41.3712,-73.414,83.91,93,20,0.0,US,2021-08-14 14:28:50
117,Port Lincoln,-34.7333,135.8667,52.77,65,1,6.33,AU,2021-08-14 14:28:50
118,Sao Joao Da Barra,-21.6403,-41.0511,71.69,76,35,4.32,BR,2021-08-14 14:28:51
119,Lebu,-37.6167,-73.65,47.66,82,100,3.49,CL,2021-08-14 14:28:51
120,Puerto Ayora,-0.7393,-90.3518,69.76,79,94,6.08,EC,2021-08-14 14:28:52
121,Rio Casca,-20.2261,-42.6508,79.07,49,42,4.41,BR,2021-08-14 14:28:52
122,Kerikeri,-35.2268,173.9474,52.92,91,66,1.99,NZ,2021-08-14 14:28:52
123,Cascais,38.6979,-9.4215,91.26,48,0,17.27,PT,2021-08-14 14:28:52
124,Ejido,8.5514,-71.2375,76.23,69,100,3.8,VE,2021-08-14 14:28:53
125,Diu,20.7141,70.9822,80.8,79,41,15.21,IN,2021-08-14 14:28:53
126,Belaya Gora,68.5333,146.4167,46.4,73,100,9.84,RU,2021-08-14 14:28:53
127,Mahanoro,-19.9,48.8,69.08,87,87,15.23,MG,2021-08-14 14:28:54
128,Riberalta,-10.9833,-66.1,77.2,53,16,17.27,BO,2021-08-14 14:28:54
129,Avarua,-21.2078,-159.775,69.85,78,75,8.05,CK,2021-08-14 14:28:54
130,Vestmannaeyjar,63.4427,-20.2734,58.19,82,40,17.27,IS,2021-08-14 14:28:55
131,Inirida,3.8653,-67.9239,77.81,85,100,1.01,CO,2021-08-14 14:28:55
132,Maragogi,-9.0122,-35.2225,77.77,76,65,9.57,BR,2021-08-14 14:25:17
133,Clyde River,70.4692,-68.5914,41.23,93,90,2.3,CA,2021-08-14 14:28:55
134,Tabou,4.423,-7.3528,80.22,61,88,7.96,CI,2021-08-14 14:28:56
135,Huarmey,-10.0681,-78.1522,64.94,77,23,5.44,PE,2021-08-14 14:28:56
136,Marawi,7.9986,124.2928,65.64,93,95,1.28,PH,2021-08-14 14:28:56
137,Sao Miguel Do Araguaia,-13.275,-50.1628,92.77,18,3,10.0,BR,2021-08-14 14:28:57
138,Cururupu,-1.8283,-44.8683,86.13,62,23,7.99,BR,2021-08-14 14:28:57
139,College,64.8569,-147.8028,48.18,92,75,5.75,US,2021-08-14 14:28:58
140,Sistranda,63.7256,8.834,58.89,85,100,18.34,NO,2021-08-14 14:28:58
141,Kahului,20.8947,-156.47,74.46,90,1,11.5,US,2021-08-14 14:25:50
142,Vardo,70.3705,31.1107,57.4,81,75,5.06,NO,2021-08-14 14:28:58
143,Neiafu,-18.65,-173.9833,68.68,77,20,5.75,TO,2021-08-14 14:28:59
144,Arraial Do Cabo,-22.9661,-42.0278,67.86,88,90,10.36,BR,2021-08-14 14:28:59
145,Imperial Beach,32.5839,-117.1131,73.99,88,1,0.0,US,2021-08-14 14:28:59
146,Bintulu,3.1667,113.0333,77.41,94,40,3.44,MY,2021-08-14 14:29:00
147,Amot,59.5714,7.9877,66.51,70,95,9.13,NO,2021-08-14 14:29:00
148,Quatre Cocos,-20.2078,57.7625,73.51,79,7,12.53,MU,2021-08-14 14:29:00
149,Sirajganj,24.45,89.7167,85.6,78,100,10.89,BD,2021-08-14 14:29:01
150,Nago,26.5881,127.9761,82.83,90,29,8.43,JP,2021-08-14 14:29:01
151,Staryy Nadym,65.6118,72.6842,71.73,60,100,17.29,RU,2021-08-14 14:29:01
152,Sitka,57.0531,-135.33,55.29,88,90,5.75,US,2021-08-14 14:29:02
153,Airai,-8.9266,125.4092,55.74,79,8,3.53,TL,2021-08-14 14:29:02
154,Mandalgovi,45.7625,106.2708,64.26,62,76,8.1,MN,2021-08-14 14:29:02
155,Srednekolymsk,67.45,153.6833,46.0,94,100,7.78,RU,2021-08-14 14:29:03
156,Sanchez,19.2281,-69.6137,82.42,78,20,0.0,DO,2021-08-14 14:29:03
157,Noyabrsk,63.1994,75.4507,65.75,75,37,12.21,RU,2021-08-14 14:29:03
158,Vvedenskoye,55.4753,65.0847,77.34,35,5,3.31,RU,2021-08-14 14:29:03
159,Burns Lake,54.2331,-125.7533,63.82,57,100,8.88,CA,2021-08-14 14:29:04
160,Kaitangata,-46.2817,169.8464,45.46,78,97,14.29,NZ,2021-08-14 14:29:04
161,Kulhudhuffushi,6.6221,73.07,82.09,76,100,19.26,MV,2021-08-14 14:29:04
162,Turukhansk,65.8167,87.9833,56.34,77,24,3.36,RU,2021-08-14 14:29:05
163,Ilulissat,69.2167,-51.1,44.62,93,75,3.44,GL,2021-08-14 14:29:05
164,Cap Malheureux,-19.9842,57.6142,73.89,69,1,5.01,MU,2021-08-14 14:29:05
165,Luena,-11.7833,19.9167,87.57,10,4,5.57,AO,2021-08-14 14:29:06
166,Augustow,53.8432,22.9798,74.8,70,100,8.34,PL,2021-08-14 14:29:06
167,Barrow,71.2906,-156.7887,44.62,81,90,23.02,US,2021-08-14 14:29:06
168,Mount Isa,-20.7333,139.5,74.97,27,40,10.36,AU,2021-08-14 14:29:07
169,Yumen,40.2833,97.2,85.17,16,0,25.41,CN,2021-08-14 14:29:07
170,Duluth,46.7833,-92.1066,68.58,61,1,1.99,US,2021-08-14 14:25:55
171,Bathsheba,13.2167,-59.5167,83.01,78,75,6.91,BB,2021-08-14 14:29:07
172,Khatanga,71.9667,102.5,54.46,64,100,3.89,RU,2021-08-14 14:24:14
173,Dikson,73.5069,80.5464,46.18,99,100,3.83,RU,2021-08-14 14:29:08
174,Shingu,33.7333,135.9833,81.91,91,100,14.83,JP,2021-08-14 14:29:08
175,Saskylakh,71.9167,114.0833,52.83,63,100,5.5,RU,2021-08-14 14:29:09
176,Preobrazheniye,42.9019,133.9064,59.43,84,0,8.95,RU,2021-08-14 14:29:09
177,Kuah,6.3265,99.8432,80.6,89,20,2.3,MY,2021-08-14 14:29:09
178,Petropavlovsk-Kamchatskiy,53.0452,158.6483,48.79,100,75,0.0,RU,2021-08-14 14:29:10
179,Ketchikan,55.3422,-131.6461,57.81,97,69,3.76,US,2021-08-14 14:29:10
180,Faya,18.3851,42.4509,86.11,24,66,11.27,SA,2021-08-14 14:29:10
181,Longyearbyen,78.2186,15.6401,46.24,66,20,6.91,SJ,2021-08-14 14:29:11
182,Tupancireta,-29.0806,-53.8358,61.2,73,1,5.39,BR,2021-08-14 14:29:11
183,Altay,47.8667,88.1167,67.93,43,100,11.54,CN,2021-08-14 14:29:11
184,Santa Marta,11.2408,-74.199,83.25,66,32,1.28,CO,2021-08-14 14:29:12
185,Cherskiy,68.75,161.3,41.31,81,50,7.52,RU,2021-08-14 14:29:12
186,Havoysund,70.9963,24.6622,50.88,85,100,13.89,NO,2021-08-14 14:29:13
187,Hithadhoo,-0.6,73.0833,81.54,76,79,16.55,MV,2021-08-14 14:29:13
188,Guipavas,48.4352,-4.3972,77.07,59,0,11.5,FR,2021-08-14 14:29:13
189,Ornskoldsvik,63.2909,18.7153,66.02,77,40,11.5,SE,2021-08-14 14:29:14
190,East London,-33.0153,27.9116,58.14,82,40,12.66,ZA,2021-08-14 14:29:14
191,Chicama,-7.8447,-79.1469,61.34,69,58,2.35,PE,2021-08-14 14:29:14
192,Beyneu,45.3167,55.2,88.7,15,0,14.52,KZ,2021-08-14 14:29:15
193,Cadillac,44.2519,-85.4012,67.8,55,1,5.75,US,2021-08-14 14:28:16
194,Atkinson,42.8384,-71.147,89.42,71,1,3.0,US,2021-08-14 14:29:15
195,Goderich,43.7501,-81.7165,70.03,59,0,9.22,CA,2021-08-14 14:29:15
196,Luohe,33.5717,114.0353,71.4,85,0,5.19,CN,2021-08-14 14:29:16
197,Kudahuvadhoo,2.6708,72.8944,82.9,73,75,17.87,MV,2021-08-14 14:29:16
198,Hammerfest,70.6634,23.6821,50.45,76,75,10.36,NO,2021-08-14 14:29:16
199,Abu Dhabi,24.4667,54.3667,102.31,59,0,9.22,AE,2021-08-14 14:27:49
200,Beisfjord,68.3751,17.5988,64.04,68,46,6.26,NO,2021-08-14 14:29:17
201,Vegueta,-11.0231,-77.6431,63.21,77,48,5.03,PE,2021-08-14 14:29:17
202,Hobyo,5.3505,48.5268,79.74,77,93,30.71,SO,2021-08-14 14:29:17
203,Samana,19.2056,-69.3369,82.62,78,40,6.91,DO,2021-08-14 14:29:17
204,San Patricio,28.017,-97.5169,87.87,69,25,2.37,US,2021-08-14 14:29:18
205,Lorengau,-2.0226,147.2712,81.28,81,42,10.71,PG,2021-08-14 14:29:18
206,Goure,13.9835,10.2704,91.69,38,38,1.39,NE,2021-08-14 14:29:18
207,Margate,51.3813,1.3862,76.69,62,42,3.0,GB,2021-08-14 14:29:19
208,Aguimes,27.9054,-15.4461,77.63,65,20,33.38,ES,2021-08-14 14:29:19
209,Bahia Blanca,-38.7196,-62.2724,55.96,42,0,14.52,AR,2021-08-14 14:29:19
210,Solnechnyy,50.7214,136.6319,60.6,74,70,3.69,RU,2021-08-14 14:29:20
211,Juodupe,56.0833,25.6167,72.84,69,99,12.53,LT,2021-08-14 14:29:20
212,Sharan,54.8167,54.0,88.56,16,40,7.76,RU,2021-08-14 14:29:20
213,Wiarton,44.7407,-81.1332,67.96,55,40,5.75,CA,2021-08-14 14:29:21
214,Noumea,-22.2763,166.4572,60.78,63,75,10.98,NC,2021-08-14 14:29:21
215,Poronaysk,49.2167,143.1167,54.43,86,99,7.85,RU,2021-08-14 14:29:21
216,Mount Gambier,-37.8333,140.7667,49.91,87,90,10.36,AU,2021-08-14 14:29:21
217,Horqueta,-23.3428,-57.0597,74.34,48,50,2.33,PY,2021-08-14 14:29:22
218,Te Anau,-45.4167,167.7167,41.29,97,99,6.33,NZ,2021-08-14 14:29:22
219,Nizhneangarsk,55.7833,109.55,59.07,67,8,2.01,RU,2021-08-14 14:29:22
220,High Level,58.5169,-117.136,60.91,88,75,2.3,CA,2021-08-14 14:29:23
221,Kinel,53.2333,50.65,88.84,12,90,6.31,RU,2021-08-14 14:29:23
222,Pitimbu,-7.4706,-34.8086,84.79,72,73,14.38,BR,2021-08-14 14:29:23
223,Alihe,50.5667,123.7167,59.36,79,57,1.3,CN,2021-08-14 14:29:24
224,Chinhoyi,-17.3667,30.2,77.99,18,2,11.14,ZW,2021-08-14 14:29:24
225,Honiara,-9.4333,159.95,76.64,88,100,3.53,SB,2021-08-14 14:29:24
226,Isangel,-19.55,169.2667,66.97,76,83,13.53,VU,2021-08-14 14:29:24
227,Linqiong,30.4159,103.4609,80.42,88,100,1.52,CN,2021-08-14 14:29:25
228,Launceston,-41.45,147.1667,52.81,89,75,4.0,AU,2021-08-14 14:29:25
229,Boras,57.721,12.9401,63.88,79,18,13.02,SE,2021-08-14 14:29:25
230,Presidencia Roque Saenz Pena,-26.7852,-60.4388,63.7,40,86,4.47,AR,2021-08-14 14:29:26
231,Husavik,66.0449,-17.3389,57.11,94,100,10.13,IS,2021-08-14 14:29:26
232,Mehamn,71.0357,27.8492,50.25,85,100,15.68,NO,2021-08-14 14:29:26
233,Lalmohan,22.3384,90.7419,83.44,83,100,11.01,BD,2021-08-14 14:29:27
234,Aurad,18.25,77.4333,79.61,68,100,7.07,IN,2021-08-14 14:29:27
235,Tadine,-21.55,167.8833,67.66,56,100,14.0,NC,2021-08-14 14:29:27
236,Cayenne,4.9333,-52.3333,86.04,77,75,3.0,GF,2021-08-14 14:29:27
237,Hasaki,35.7333,140.8333,70.2,95,100,8.1,JP,2021-08-14 14:29:28
238,Muriwai Beach,-36.8167,174.45,53.35,74,5,13.6,NZ,2021-08-14 14:27:54
239,Coquimbo,-29.9533,-71.3436,51.53,81,75,2.3,CL,2021-08-14 14:29:28
240,Talaya,61.3833,152.75,63.09,60,100,6.55,RU,2021-08-14 14:29:28
241,Khandyga,62.6667,135.6,63.14,66,78,3.78,RU,2021-08-14 14:29:29
242,Ilek,51.5271,53.3831,88.18,12,4,6.2,RU,2021-08-14 14:29:29
243,San Cristobal,7.7669,-72.225,71.78,97,100,3.6,VE,2021-08-14 14:29:29
244,Mareeba,-17.0,145.4333,65.44,90,66,3.4,AU,2021-08-14 14:29:30
245,Sinnamary,5.3833,-52.95,81.32,80,58,9.35,GF,2021-08-14 14:29:30
246,Nsanje,-16.92,35.262,82.04,42,24,13.65,MW,2021-08-14 14:29:30
247,Hami,42.8,93.45,95.09,13,71,8.1,CN,2021-08-14 14:29:31
248,Labytnangi,66.6572,66.4183,70.99,71,89,10.63,RU,2021-08-14 14:29:31
249,Maamba,-17.3667,27.15,79.32,27,0,11.74,ZM,2021-08-14 14:29:31
250,Port Blair,11.6667,92.75,82.38,82,100,13.38,IN,2021-08-14 14:29:31
251,Veinticinco De Mayo,-35.4323,-60.1727,56.05,64,0,4.63,AR,2021-08-14 14:29:32
252,Tahoua,14.8888,5.2692,85.98,62,40,4.61,NE,2021-08-14 14:29:32
253,Svetlogorsk,52.6333,29.7333,80.19,37,88,6.58,BY,2021-08-14 14:29:32
254,Fort Nelson,58.8053,-122.7002,56.79,88,75,4.61,CA,2021-08-14 14:29:33
255,Porangatu,-13.4408,-49.1486,91.71,18,6,7.52,BR,2021-08-14 14:29:33
256,Berlevag,70.8578,29.0864,51.42,80,71,15.43,NO,2021-08-14 14:29:33
257,Lashio,22.9333,97.75,68.68,100,100,1.59,MM,2021-08-14 14:29:34
258,Acarau,-2.8856,-40.12,87.84,50,57,12.68,BR,2021-08-14 14:29:34
259,Provideniya,64.3833,-173.3,47.17,99,100,5.32,RU,2021-08-14 14:29:34
260,Camana,-16.6228,-72.7111,62.78,75,92,7.65,PE,2021-08-14 14:29:35
261,Jiangyin,31.9282,120.3126,75.02,99,100,3.8,CN,2021-08-14 14:29:35
262,Avera,33.194,-82.5271,85.71,65,95,3.42,US,2021-08-14 14:29:35
263,Shimoda,34.6667,138.95,80.71,92,100,21.21,JP,2021-08-14 14:29:36
264,Alice Springs,-23.7,133.8833,51.35,37,0,5.75,AU,2021-08-14 14:29:36
265,Salvador,13.8333,-88.9167,73.44,90,80,1.81,SV,2021-08-14 14:29:36
266,Tasiilaq,65.6145,-37.6368,46.56,80,26,5.3,GL,2021-08-14 14:29:37
267,Marystown,47.1666,-55.1483,69.08,95,100,5.14,CA,2021-08-14 14:29:37
268,Norman Wells,65.282,-126.8329,51.84,93,90,8.05,CA,2021-08-14 14:29:37
269,Chuy,-33.6971,-53.4616,55.74,93,99,7.0,UY,2021-08-14 14:29:37
270,Las Guacamayas,18.0167,-102.2167,78.58,88,97,4.03,MX,2021-08-14 14:26:00
271,Ulaangom,49.9811,92.0667,69.33,46,100,3.15,MN,2021-08-14 14:29:38
272,Umm Kaddadah,13.6017,26.6876,93.6,36,100,8.08,SD,2021-08-14 14:29:38
273,Fare,-16.7,-151.0167,77.95,76,3,6.71,PF,2021-08-14 14:29:38
274,Saint-Augustin,51.226,-58.6502,75.47,71,55,7.43,CA,2021-08-14 14:29:39
275,Sahuaripa,29.05,-109.2333,74.91,86,84,1.16,MX,2021-08-14 14:29:39
276,Carnarvon,-24.8667,113.6333,60.87,66,0,12.66,AU,2021-08-14 14:29:39
277,Kruisfontein,-34.0033,24.7314,57.88,71,100,14.0,ZA,2021-08-14 14:29:40
278,Lata,40.1629,-8.3327,74.91,14,62,8.66,PT,2021-08-14 14:29:40
279,Batemans Bay,-35.7167,150.1833,46.9,80,0,5.17,AU,2021-08-14 14:29:40
280,Kosh-Agach,50.0,88.6667,58.14,39,100,6.62,RU,2021-08-14 14:29:41
281,La Paz,-16.5,-68.15,53.58,34,3,3.44,BO,2021-08-14 14:29:41
282,Radyvyliv,50.1299,25.2558,80.89,45,100,5.7,UA,2021-08-14 14:29:41
283,Mayor Pablo Lagerenza,-19.9309,-60.7718,69.21,20,35,6.33,PY,2021-08-14 14:29:41
284,Amambai,-23.1042,-55.2258,70.21,60,97,6.51,BR,2021-08-14 14:29:42
285,Axim,4.8699,-2.2405,81.18,63,5,9.82,GH,2021-08-14 14:29:42
286,Pelym,61.0108,61.9978,73.4,50,100,14.94,RU,2021-08-14 14:29:42
287,Zaysan,47.4667,84.8667,62.33,72,100,5.66,KZ,2021-08-14 14:29:43
288,Luanshya,-13.1367,28.4166,63.57,21,0,9.53,ZM,2021-08-14 14:29:06
289,Nome,64.5011,-165.4064,48.27,87,90,19.57,US,2021-08-14 14:29:43
290,Puerto Rico,-26.796,-55.024,73.38,57,23,2.1,AR,2021-08-14 14:29:43
291,Port Hawkesbury,45.6169,-61.3485,86.09,79,1,5.01,CA,2021-08-14 14:29:44
292,Maniitsoq,65.4167,-52.9,45.61,98,100,22.57,GL,2021-08-14 14:29:44
293,Chilca,-12.5211,-76.7372,63.61,77,96,4.05,PE,2021-08-14 14:29:44
294,Brae,60.3964,-1.353,58.91,75,33,10.74,GB,2021-08-14 14:29:44
295,Cairns,-16.9167,145.7667,70.07,91,75,12.66,AU,2021-08-14 14:27:02
296,Serowe,-22.3833,26.7167,55.71,71,100,17.9,BW,2021-08-14 14:29:45
297,San Quintin,30.4833,-115.95,70.7,83,0,8.75,MX,2021-08-14 14:29:46
298,Nimaparha,20.0667,86.0167,79.2,71,94,7.34,IN,2021-08-14 14:29:46
299,Amarante,-6.2411,-42.8547,87.57,34,66,10.09,BR,2021-08-14 14:29:46
300,Hanmer Springs,-42.5167,172.8167,35.51,91,9,6.89,NZ,2021-08-14 14:29:47
301,Bage,-31.3314,-54.1069,64.18,68,0,8.05,BR,2021-08-14 14:29:47
302,Chapais,49.7834,-74.8492,64.18,63,13,10.0,CA,2021-08-14 14:25:15
303,Itacoatiara,-3.1431,-58.4442,72.37,96,100,1.59,BR,2021-08-14 14:29:48
304,Oriximina,-1.7656,-55.8661,82.67,69,100,2.77,BR,2021-08-14 14:29:48
305,Xuanhua,40.6103,115.0447,66.15,92,100,2.59,CN,2021-08-14 14:29:49
306,Aksum,14.1245,38.7244,67.98,71,59,13.69,ET,2021-08-14 14:29:49
307,North Bend,43.4065,-124.2243,59.86,94,90,0.0,US,2021-08-14 14:29:49
308,Matara,5.9485,80.5353,79.23,83,94,13.82,LK,2021-08-14 14:29:50
309,Srandakan,-7.9386,110.2506,78.17,85,95,8.12,ID,2021-08-14 14:29:50
310,Harper,4.375,-7.7169,80.53,60,89,7.25,LR,2021-08-14 14:29:50
311,Mogadishu,2.0371,45.3438,80.47,69,75,17.27,SO,2021-08-14 14:29:50
312,Howell,42.6073,-83.9294,71.44,61,1,4.61,US,2021-08-14 14:26:48
313,Minot,48.2325,-101.2963,75.11,43,1,3.0,US,2021-08-14 14:24:54
314,Igarka,67.4667,86.5833,56.48,87,85,5.32,RU,2021-08-14 14:29:51
315,Fairbanks,64.8378,-147.7164,48.2,92,90,4.61,US,2021-08-14 14:28:05
316,Pueblo Nuevo,23.3833,-105.3833,58.3,81,3,4.92,MX,2021-08-14 14:29:52
317,Celestun,20.8667,-90.4,81.75,76,11,3.49,MX,2021-08-14 14:29:52
318,Bandarbeyla,9.4942,50.8122,78.64,79,71,33.02,SO,2021-08-14 14:29:52
319,Tarumovka,44.0761,46.5361,83.88,63,99,5.75,RU,2021-08-14 14:29:52
320,Qaqortoq,60.7167,-46.0333,52.3,80,100,5.99,GL,2021-08-14 14:29:10
321,Hamilton,39.1834,-84.5333,76.41,69,90,1.01,US,2021-08-14 14:29:00
322,Faanui,-16.4833,-151.75,77.86,75,3,4.97,PF,2021-08-14 14:29:53
323,Moindou,-21.6924,165.677,60.75,70,16,6.13,NC,2021-08-14 14:29:53
324,Dipalpur,30.6709,73.6529,97.03,31,0,7.36,PK,2021-08-14 14:29:54
325,Bam,29.106,58.357,98.6,10,3,16.2,IR,2021-08-14 14:29:54
326,Devli,25.75,75.3833,85.62,61,100,9.93,IN,2021-08-14 14:29:54
327,Tupik,54.4253,119.9327,56.5,81,10,3.47,RU,2021-08-14 14:29:55
328,Namibe,-15.1961,12.1522,69.8,77,66,11.7,AO,2021-08-14 14:29:55
329,Mgandu,-5.95,34.1333,80.1,22,5,10.31,TZ,2021-08-14 14:29:55
330,Loukhi,66.0764,33.0381,70.0,52,16,4.05,RU,2021-08-14 14:29:55
331,Anadyr,64.75,177.4833,54.1,87,0,6.71,RU,2021-08-14 14:29:56
332,Salinopolis,-0.6136,-47.3561,83.8,71,70,11.41,BR,2021-08-14 14:29:56
333,Zavodskoy,43.4597,132.2922,60.39,94,12,0.0,RU,2021-08-14 14:29:56
334,Pak Chong,14.708,101.4161,75.25,89,100,4.03,TH,2021-08-14 14:29:57
335,Dutlwe,-23.9833,23.9,68.97,40,92,21.54,BW,2021-08-14 14:29:57
336,Kurchum,48.5722,83.6542,66.22,58,100,9.6,KZ,2021-08-14 14:29:57
337,Corpus Christi,27.8006,-97.3964,88.02,76,40,3.0,US,2021-08-14 14:25:23
338,Coxim,-18.5067,-54.76,86.67,30,4,4.16,BR,2021-08-14 14:29:58
339,Kashiwazaki,37.3667,138.55,69.12,95,100,6.89,JP,2021-08-14 14:29:58
340,Popova,42.9603,131.7228,60.89,75,11,8.08,RU,2021-08-14 14:29:59
341,Akyab,20.15,92.9,82.63,84,100,8.93,MM,2021-08-14 14:29:59
342,Atambua,-9.1061,124.8925,70.74,86,8,6.15,ID,2021-08-14 14:29:59
343,Vila Velha,-20.3297,-40.2925,75.15,69,20,6.91,BR,2021-08-14 14:29:16
344,Northam,51.0333,-4.2167,74.71,70,74,11.92,GB,2021-08-14 14:30:00
345,Cikampek,-6.4197,107.4558,83.77,83,16,2.95,ID,2021-08-14 14:30:00
346,Olinda,-8.0089,-34.8553,78.53,61,40,14.97,BR,2021-08-14 14:30:00
347,Saint-Joseph,-21.3667,55.6167,71.96,84,48,15.59,RE,2021-08-14 14:30:01
348,Gwadar,25.1216,62.3254,79.57,85,35,11.3,PK,2021-08-14 14:30:01
349,Myaundzha,63.0494,147.1858,56.77,58,49,4.07,RU,2021-08-14 14:30:01
350,Kyshtovka,56.555,76.6271,57.96,88,99,5.12,RU,2021-08-14 14:30:02
351,Bonavista,48.6499,-53.1147,77.0,91,83,5.79,CA,2021-08-14 14:30:04
352,Nanortalik,60.1432,-45.2371,50.31,90,100,7.74,GL,2021-08-14 14:30:04
353,Altamira,-3.2033,-52.2064,87.89,66,75,5.75,BR,2021-08-14 14:30:05
354,Mahajanga,-15.7167,46.3167,86.02,45,20,8.05,MG,2021-08-14 14:30:06
355,Mangan,27.5167,88.5333,76.57,98,100,0.85,IN,2021-08-14 14:30:06
356,Russellville,35.2784,-93.1338,78.94,80,90,3.44,US,2021-08-14 14:30:07
357,Gusau,12.1628,6.6614,82.56,66,87,6.82,NG,2021-08-14 14:30:07
358,Weatherford,32.7593,-97.7972,83.68,77,100,1.99,US,2021-08-14 14:25:20
359,Skjervoy,70.0311,20.9714,49.82,76,24,6.31,NO,2021-08-14 14:30:07
360,Mangochi,-14.4782,35.2645,75.83,48,75,13.2,MW,2021-08-14 14:30:08
361,Fayaoue,-20.65,166.5333,69.42,61,83,21.36,NC,2021-08-14 14:30:08
362,Kloulklubed,7.0419,134.2556,77.5,75,17,10.09,PW,2021-08-14 14:30:09
363,Biak,-0.9131,122.8766,75.24,86,23,7.36,ID,2021-08-14 14:30:09
364,Kilindoni,-7.9139,39.6668,77.27,77,9,15.99,TZ,2021-08-14 14:30:10
365,Pedernales,18.0384,-71.744,83.86,67,99,5.73,DO,2021-08-14 14:30:10
366,Srivardhan,18.0333,73.0167,79.47,81,79,8.08,IN,2021-08-14 14:30:11
367,Lavrentiya,65.5833,-171.0,44.8,98,100,6.91,RU,2021-08-14 14:30:11
368,Muisne,0.6,-80.0333,77.11,81,100,10.71,EC,2021-08-14 14:30:11
369,Dukat,62.55,155.55,57.15,76,93,8.19,RU,2021-08-14 14:30:12
370,Mormugao,15.4,73.8,78.85,82,91,12.95,IN,2021-08-14 14:30:12
371,Lidkoping,58.5052,13.1577,66.22,74,1,19.73,SE,2021-08-14 14:30:12
372,Klaksvik,62.2266,-6.589,52.72,93,100,15.03,FO,2021-08-14 14:30:12
373,Walvis Bay,-22.9575,14.5053,68.95,45,0,10.36,NA,2021-08-14 14:30:13
374,Saint Anthony,45.0205,-93.218,73.31,58,1,1.99,US,2021-08-14 14:30:13
375,Tambura,5.6,27.4667,74.61,87,89,4.52,SS,2021-08-14 14:30:15
376,Valreas,44.3837,4.9908,98.22,22,0,5.73,FR,2021-08-14 14:30:15
377,Mumford,5.2618,-0.759,78.3,75,52,14.9,GH,2021-08-14 14:30:16
378,Koulamoutou,-1.1303,12.4736,92.25,36,96,1.25,GA,2021-08-14 14:30:16
379,Marand,38.4329,45.7749,93.54,27,24,14.67,IR,2021-08-14 14:30:17
380,Keetmanshoop,-26.5833,18.1333,65.32,19,0,4.61,NA,2021-08-14 14:30:17
381,Salalah,17.0151,54.0924,78.89,89,40,10.36,OM,2021-08-14 14:30:18
382,Kisangani,0.5167,25.2,84.04,59,72,3.42,CD,2021-08-14 14:30:18
383,Zelenoborsk,61.4669,64.0333,72.61,49,86,14.09,RU,2021-08-14 14:30:18
384,Wad Madani,14.4012,33.5199,91.29,46,48,17.54,SD,2021-08-14 14:30:19
385,Narsaq,60.9167,-46.05,52.02,75,100,2.84,GL,2021-08-14 14:30:19
386,Wanning,18.8003,110.3967,82.31,87,100,9.31,CN,2021-08-14 14:30:19
387,Yurginskoye,56.8189,67.3921,67.53,53,36,5.59,RU,2021-08-14 14:30:20
388,Kavaratti,10.5669,72.642,81.54,77,91,18.12,IN,2021-08-14 14:30:20
389,Aklavik,68.2191,-135.0107,45.32,93,40,5.75,CA,2021-08-14 14:30:20
390,Caucaia,-3.7361,-38.6531,89.55,46,0,16.11,BR,2021-08-14 14:30:21
391,Saint-Michel-Des-Saints,46.6834,-73.9159,72.16,37,0,11.3,CA,2021-08-14 14:30:21
392,Sao Filipe,14.8961,-24.4956,75.36,79,81,3.31,CV,2021-08-14 14:30:22
393,Kem,64.9555,34.5793,60.22,75,93,11.21,RU,2021-08-14 14:30:22
394,Sukhumi,43.0033,41.0153,74.48,86,99,6.08,GE,2021-08-14 14:30:22
395,Eyl,7.9803,49.8164,80.1,71,61,25.01,SO,2021-08-14 14:30:23
396,Laguna,38.421,-121.4238,79.3,74,1,1.01,US,2021-08-14 14:30:23
397,Marsa Matruh,31.3525,27.2453,86.2,66,0,14.97,EG,2021-08-14 14:30:23
398,Teglas,47.7167,21.6833,91.04,24,6,6.06,HU,2021-08-14 14:30:24
399,Qarqin,37.4185,66.0436,87.21,13,0,13.98,AF,2021-08-14 14:30:24
400,Hervey Bay,-25.2986,152.8535,60.04,77,5,7.58,AU,2021-08-14 14:30:24
401,Atherton,53.5237,-2.4935,66.45,76,100,4.99,GB,2021-08-14 14:30:25
402,Vanimo,-2.6741,141.3028,78.44,90,95,6.85,PG,2021-08-14 14:30:25
403,Inhambane,-23.865,35.3833,71.58,56,40,11.5,MZ,2021-08-14 14:30:25
404,Henties Bay,-22.116,14.2845,56.86,66,0,7.63,NA,2021-08-14 14:30:26
405,Port Pirie,-33.1833,138.0167,42.89,63,79,4.59,AU,2021-08-14 14:30:26
406,Nyanza,-2.3519,29.7509,67.98,47,82,1.45,RW,2021-08-14 14:30:26
407,Mitu,1.1983,-70.1733,71.55,98,100,1.16,CO,2021-08-14 14:30:01
408,Juba,4.8517,31.5825,77.29,83,100,1.97,SS,2021-08-14 14:30:27
409,Muros,42.7762,-9.0603,82.83,57,0,15.26,ES,2021-08-14 14:30:27
410,Port Elizabeth,-33.918,25.5701,60.1,72,90,14.97,ZA,2021-08-14 14:30:27
411,Arbagar,51.9438,116.2805,57.0,74,12,2.75,RU,2021-08-14 14:30:28
412,Santa Cruz,-17.8,-63.1667,71.06,26,75,17.27,BO,2021-08-14 14:26:09
413,Olafsvik,64.8945,-23.7142,54.64,80,85,11.43,IS,2021-08-14 14:30:28
414,Notre-Dame-Du-Lac,47.6136,-68.7964,74.64,98,100,2.57,CA,2021-08-14 14:30:29
415,Limon,10.0,-83.0333,80.49,83,0,3.44,CR,2021-08-14 14:30:29
416,Souillac,-20.5167,57.5167,73.78,78,75,10.36,MU,2021-08-14 14:30:29
417,Morant Bay,17.8815,-76.4093,87.62,72,87,5.17,JM,2021-08-14 14:30:30
418,Okhotsk,59.3833,143.3,56.05,93,4,3.56,RU,2021-08-14 14:30:30
419,China,25.7,-99.2333,84.38,62,1,8.39,MX,2021-08-14 14:30:30
420,Matay,28.419,30.7792,100.51,14,0,16.06,EG,2021-08-14 14:30:31
421,Lindi,-10.0,39.7167,83.73,43,78,10.63,TZ,2021-08-14 14:30:31
422,Ginda,30.6945,78.4932,65.17,91,9,3.29,IN,2021-08-14 14:30:31
423,Matucana,-11.85,-76.4,36.19,59,90,4.21,PE,2021-08-14 14:30:32
424,Nogliki,51.8333,143.1667,54.88,91,4,8.3,RU,2021-08-14 14:30:32
425,Cozumel,20.5083,-86.9458,84.27,87,20,1.99,MX,2021-08-14 14:30:32
426,Kalmeshwar,21.2333,78.9,85.62,70,100,7.0,IN,2021-08-14 14:30:32
427,Atar,20.5169,-13.0499,109.45,14,9,10.87,MR,2021-08-14 14:30:33
428,Maykop,44.6078,40.1058,73.67,71,100,8.68,RU,2021-08-14 14:30:33
429,Labuhan,-6.8844,112.2051,79.68,78,67,8.99,ID,2021-08-14 14:30:34
430,Pevek,69.7008,170.3133,37.72,93,100,23.26,RU,2021-08-14 14:30:34
431,Poum,-20.2333,164.0167,69.13,66,46,17.02,NC,2021-08-14 14:30:34
432,Pacific Grove,36.6177,-121.9166,64.02,95,90,1.01,US,2021-08-14 14:30:34
433,Puerto Del Rosario,28.5004,-13.8627,80.28,73,20,11.5,ES,2021-08-14 14:30:35
434,Santa Cruz Cabralia,-16.2781,-39.0247,77.23,69,40,10.36,BR,2021-08-14 14:30:35
435,Le Moule,16.3332,-61.3473,86.04,74,94,12.21,GP,2021-08-14 14:30:05
436,Teguise,29.0605,-13.564,77.22,69,0,11.5,ES,2021-08-14 14:30:35
437,Hirara,24.8,125.2833,82.54,84,17,15.82,JP,2021-08-14 14:30:36
438,Kuopio,62.8924,27.677,62.55,94,90,11.5,FI,2021-08-14 14:30:36
439,Ostuacan,17.4167,-93.3,77.36,81,32,2.01,MX,2021-08-14 14:30:36
440,Tessaoua,13.7574,7.9874,92.91,37,39,4.27,NE,2021-08-14 14:30:37
441,Araouane,18.9048,-3.5265,108.41,11,8,11.9,ML,2021-08-14 14:30:37
442,Vicuna,-30.0319,-70.7081,44.33,14,90,4.9,CL,2021-08-14 14:30:38
443,Burgeo,47.6167,-57.6152,70.02,89,100,4.16,CA,2021-08-14 14:30:38
444,Astoria,46.1879,-123.8313,63.86,95,90,0.0,US,2021-08-14 14:30:15
445,Manzanillo,20.3433,-77.1167,85.21,58,51,6.78,CU,2021-08-14 14:30:38
446,Opuwo,-18.0607,13.84,87.04,12,31,10.69,NA,2021-08-14 14:30:39
447,Lapithos,35.3375,33.1792,100.69,45,0,15.86,CY,2021-08-14 14:30:39
448,Pimentel,-6.8367,-79.9342,66.49,81,0,4.0,PE,2021-08-14 14:30:39
449,Krasnoselkup,65.7,82.4667,61.47,73,100,6.73,RU,2021-08-14 14:30:40
450,Flin Flon,54.7682,-101.865,67.84,64,75,5.75,CA,2021-08-14 14:30:40
451,Plouzane,48.3833,-4.6167,77.09,60,0,11.5,FR,2021-08-14 14:30:40
452,Necochea,-38.5473,-58.7368,55.04,56,0,10.76,AR,2021-08-14 14:30:41
453,Guerrero Negro,27.9769,-114.0611,76.05,73,30,12.03,MX,2021-08-14 14:30:41
454,Samarai,-10.6167,150.6667,77.92,86,78,17.18,PG,2021-08-14 14:30:41
455,Tshikapa,-6.4167,20.8,95.47,26,54,2.71,CD,2021-08-14 14:30:42
456,Bilibino,68.0546,166.4372,45.75,73,100,9.04,RU,2021-08-14 14:30:42
457,Miri,4.4148,114.0089,80.74,89,40,3.44,MY,2021-08-14 14:28:04
458,Ankang,32.68,109.0172,71.49,82,25,3.18,CN,2021-08-14 14:30:42
459,Kismayo,-0.3582,42.5454,76.78,81,23,18.9,SO,2021-08-14 14:30:43
460,Minab,27.1467,57.0801,94.5,56,23,5.97,IR,2021-08-14 14:30:43
461,Nelson Bay,-32.7167,152.15,54.68,94,0,5.1,AU,2021-08-14 14:30:44
462,Hovd,48.0056,91.6419,71.35,31,100,4.25,MN,2021-08-14 14:30:44
463,Nichinan,31.6,131.3667,79.21,92,100,14.16,JP,2021-08-14 14:30:44
464,Nong Bua,15.8646,100.5858,77.34,92,100,5.32,TH,2021-08-14 14:30:45
465,Gao,16.6362,1.637,100.0,25,75,4.16,ML,2021-08-14 14:30:45
466,Half Moon Bay,37.4636,-122.4286,64.99,91,75,0.0,US,2021-08-14 14:30:15
467,Sungairaya,0.7,108.9,79.45,81,80,1.99,ID,2021-08-14 14:30:45
468,Abonnema,4.7084,6.7931,82.47,67,93,12.26,NG,2021-08-14 14:30:46
469,Tahta,26.7693,31.5021,106.12,11,0,19.3,EG,2021-08-14 14:30:46
470,Tuktoyaktuk,69.4541,-133.0374,41.0,87,90,13.8,CA,2021-08-14 14:30:46
471,Vuktyl,63.8567,57.3094,58.82,78,97,17.29,RU,2021-08-14 14:30:47
472,Anloga,5.7947,0.8973,84.42,74,94,15.08,GH,2021-08-14 14:30:47
473,Santa Ana,33.7456,-117.8678,76.86,86,20,1.01,US,2021-08-14 14:27:26
474,Angra Dos Reis,-23.0067,-44.3181,66.16,92,99,2.89,BR,2021-08-14 14:30:48
475,Muana,-1.5283,-49.2167,89.91,54,12,6.26,BR,2021-08-14 14:30:48
476,Alyangula,-13.8483,136.4192,71.47,94,6,0.0,AU,2021-08-14 14:30:48
477,Riohacha,11.5444,-72.9072,88.27,57,25,9.64,CO,2021-08-14 14:30:49
478,Adre,13.4667,22.2,83.52,51,70,6.08,TD,2021-08-14 14:30:49
479,Kimbe,-5.5502,150.1429,74.7,92,65,4.88,PG,2021-08-14 14:30:49
480,Linxia,35.6003,103.2064,65.3,57,1,1.92,CN,2021-08-14 14:30:50
481,Bantva,21.4864,70.0689,81.36,73,96,15.37,IN,2021-08-14 14:30:50
482,Caxito,-8.5785,13.6643,77.65,55,35,12.53,AO,2021-08-14 14:30:50
483,Grabovo,53.3875,45.064,60.84,95,100,7.7,RU,2021-08-14 14:30:50
484,Belmonte,-15.8631,-38.8828,77.5,58,28,9.04,BR,2021-08-14 14:30:51
485,Buraydah,26.326,43.975,111.65,8,28,7.23,SA,2021-08-14 14:30:51
486,Bay City,43.5945,-83.8889,70.12,56,1,0.0,US,2021-08-14 14:29:51
487,Shellbrook,53.2168,-106.4011,65.43,24,19,9.15,CA,2021-08-14 14:30:51
488,Zyryanka,65.75,150.85,48.58,90,100,27.25,RU,2021-08-14 14:30:52
489,Madang,-5.2246,145.7966,77.49,90,45,5.14,PG,2021-08-14 14:30:52
490,Sept-Iles,50.2001,-66.3821,66.25,97,90,3.0,CA,2021-08-14 14:30:52
491,Vanavara,60.34,102.2797,63.34,67,99,3.36,RU,2021-08-14 14:30:53
492,Marienburg,54.0359,19.0266,75.96,37,75,10.31,PL,2021-08-14 14:30:53
493,Warri,5.5167,5.75,83.75,64,93,9.69,NG,2021-08-14 14:30:54
494,Lumeje,-11.55,20.7833,89.17,11,4,3.02,AO,2021-08-14 14:30:54
495,Hualmay,-11.0964,-77.6139,64.96,74,41,6.67,PE,2021-08-14 14:30:54
496,San Carlos De Bariloche,-41.1456,-71.3082,33.55,69,0,0.0,AR,2021-08-14 14:30:49
497,Igrim,63.1906,64.4162,73.81,50,92,13.04,RU,2021-08-14 14:30:55
498,Chongwe,-15.3292,28.682,75.0,32,11,11.7,ZM,2021-08-14 14:30:55
499,Taltal,-25.4,-70.4833,61.5,61,7,2.82,CL,2021-08-14 14:30:55
500,Lewisporte,49.2499,-55.0482,82.13,59,62,3.09,CA,2021-08-14 14:29:53
501,Havre-Saint-Pierre,50.2334,-63.5986,75.56,83,75,6.91,CA,2021-08-14 14:30:56
502,Bundu,23.1833,85.5833,80.82,65,100,3.31,IN,2021-08-14 14:30:56
503,Albina,5.5,-54.05,87.73,58,87,5.66,SR,2021-08-14 14:30:57
504,Nemuro,43.3236,145.575,56.68,82,100,12.15,JP,2021-08-14 14:30:57
505,Santiago,-33.4569,-70.6483,53.04,35,0,0.0,CL,2021-08-14 14:26:08
506,San Joaquin,37.9333,-121.3011,72.36,64,1,5.75,US,2021-08-14 14:30:57
507,Sulangan,11.1373,123.7228,82.87,71,26,6.8,PH,2021-08-14 14:30:58
508,Blytheville,35.9273,-89.919,81.23,83,75,4.61,US,2021-08-14 14:30:58
509,Moose Factory,51.2585,-80.6094,59.0,72,90,9.22,CA,2021-08-14 14:30:58
510,Tayginka,55.6244,60.5076,69.64,55,48,5.01,RU,2021-08-14 14:30:59
511,Jumla,29.2747,82.1838,61.93,95,77,2.91,NP,2021-08-14 14:30:59
512,Trairi,-3.2778,-39.2689,88.57,43,10,14.72,BR,2021-08-14 14:30:59
513,Flinders,-34.5833,150.8552,54.21,80,0,6.26,AU,2021-08-14 14:31:00
514,Ixtapa,20.7,-105.2,79.23,88,75,3.44,MX,2021-08-14 14:26:41
515,The Valley,18.217,-63.0578,87.66,79,40,14.97,AI,2021-08-14 14:31:00
516,Lasa,46.6166,10.7002,85.91,57,59,4.68,IT,2021-08-14 14:31:00
517,Labuan,5.2767,115.2417,79.16,94,40,1.14,MY,2021-08-14 14:31:01
518,Lehigh Acres,26.6254,-81.6248,83.95,85,75,3.0,US,2021-08-14 14:30:51
519,Lufkin,31.3382,-94.7291,82.83,86,1,0.0,US,2021-08-14 14:26:42
520,Tarauaca,-8.1614,-70.7656,89.55,32,64,4.14,BR,2021-08-14 14:31:01
521,Beihai,21.4833,109.1,83.7,81,100,13.71,CN,2021-08-14 14:31:02
522,Hambantota,6.1241,81.1185,84.54,70,75,16.11,LK,2021-08-14 14:31:02
523,Ulagan,50.6321,87.9563,54.5,93,100,3.67,RU,2021-08-14 14:31:03
524,Tera,14.0078,0.7531,83.46,63,100,3.44,NE,2021-08-14 14:31:03
525,Sola,-13.8833,167.55,77.31,81,83,26.69,VU,2021-08-14 14:31:03
526,Badhni Kalan,30.6833,75.2833,87.08,56,9,6.67,IN,2021-08-14 14:31:04
527,Jaumave,23.4167,-99.3833,74.95,65,43,2.33,MX,2021-08-14 14:31:04
528,Garowe,8.4054,48.4845,88.66,37,76,18.48,SO,2021-08-14 14:31:04
529,Bagacay,12.9821,124.1415,81.86,76,67,4.32,PH,2021-08-14 14:31:04
530,Ambilobe,-13.2,49.05,74.66,71,0,1.66,MG,2021-08-14 14:31:05
531,Alofi,-19.0595,-169.9187,66.09,82,36,5.75,NU,2021-08-14 14:31:05
532,Porto Walter,-8.2686,-72.7439,88.23,35,100,3.24,BR,2021-08-14 14:31:05
533,Chernyshevskiy,63.0128,112.4714,58.86,91,77,0.92,RU,2021-08-14 14:31:06
534,Maningrida,-12.0667,134.2667,75.13,66,6,11.12,AU,2021-08-14 14:31:06
535,Atbasar,51.8,68.3333,67.24,39,100,10.11,KZ,2021-08-14 14:31:06
536,Bolshoy Lug,52.0779,104.0919,66.38,86,0,5.39,RU,2021-08-14 14:31:07
537,Manokwari,-0.8667,134.0833,77.49,83,62,2.15,ID,2021-08-14 14:31:07
538,Kota Kinabalu,5.9749,116.0724,80.58,89,20,3.44,MY,2021-08-14 14:31:07
539,Manggar,-2.8833,108.2667,80.49,83,96,11.65,ID,2021-08-14 14:31:08
540,Capelinha,-17.6914,-42.5158,77.38,35,9,6.89,BR,2021-08-14 14:31:08
541,Akot,21.0964,77.0586,81.43,70,100,5.44,IN,2021-08-14 14:31:08
542,Nizhniy Tsasuchey,50.5167,115.1333,58.57,88,2,5.68,RU,2021-08-14 14:31:09
543,Tessalit,20.1986,1.0114,108.99,6,3,16.02,ML,2021-08-14 14:31:09
544,Tenabo,20.05,-90.2333,82.4,50,64,2.46,MX,2021-08-14 14:31:09
545,San Andres,12.5847,-81.7006,86.02,74,75,11.5,CO,2021-08-14 14:31:10
546,Mao,39.8885,4.2658,90.16,40,0,11.5,ES,2021-08-14 14:31:10
547,Novichikha,52.204,81.3877,56.75,80,100,3.96,RU,2021-08-14 14:31:10
548,Izmalkovo,52.6887,37.964,78.71,32,47,6.55,RU,2021-08-14 14:31:11
549,Wainwright,52.839,-110.8572,61.88,23,0,10.33,CA,2021-08-14 14:30:15
550,Pontassieve,43.7737,11.4282,105.15,21,0,4.61,IT,2021-08-14 14:31:11
551,Tolaga Bay,-38.3667,178.3,48.13,82,62,8.72,NZ,2021-08-14 14:31:11
552,Gat,31.61,34.7642,93.4,40,0,12.97,IL,2021-08-14 14:31:12
553,Pangnirtung,66.1451,-65.7125,51.8,82,90,9.22,CA,2021-08-14 14:31:12
554,Batticaloa,7.7102,81.6924,82.72,75,82,4.54,LK,2021-08-14 14:31:12
555,Teguldet,57.3064,88.1667,55.42,80,5,5.06,RU,2021-08-14 14:31:13
556,Sereflikochisar,38.9393,33.5386,79.57,32,3,18.07,TR,2021-08-14 14:31:13
557,Nerja,36.7585,-3.8873,118.58,50,18,3.62,ES,2021-08-14 14:31:13
558,Tres Arroyos,-38.3739,-60.2798,56.7,47,0,13.33,AR,2021-08-14 14:31:14
559,Asfi,32.2994,-9.2372,82.31,59,26,16.69,MA,2021-08-14 14:31:14
560,Linnich,50.9833,6.2667,80.19,54,8,1.01,DE,2021-08-14 14:31:14
561,Lahaina,20.8783,-156.6825,74.95,75,29,11.18,US,2021-08-14 14:30:48
562,Rawson,-43.3002,-65.1023,54.45,56,25,12.64,AR,2021-08-14 14:31:15
563,Cocobeach,1.0002,9.5823,84.13,73,46,10.67,GA,2021-08-14 14:31:15
564,Podolinec,49.2587,20.536,83.97,68,99,1.88,SK,2021-08-14 14:31:15
565,Ust-Nera,64.5667,143.2,59.41,69,55,10.04,RU,2021-08-14 14:31:16
566,Iberia,29.9502,-91.7507,85.1,83,1,5.75,US,2021-08-14 14:31:16
567,Arklow,52.7931,-6.1414,59.07,85,100,7.56,IE,2021-08-14 14:31:16
568,Sovetskiy,61.3614,63.5842,72.01,51,99,14.18,RU,2021-08-14 14:31:16
569,Palm Bay,28.0345,-80.5887,86.05,78,75,3.0,US,2021-08-14 14:31:17
570,Hay River,60.8156,-115.7999,67.98,60,75,8.05,CA,2021-08-14 14:31:17
571,Emerald,-23.5333,148.1667,60.94,72,12,6.91,AU,2021-08-14 14:31:17
572,Derzhavinsk,51.1,66.3167,69.55,37,29,6.76,KZ,2021-08-14 14:31:18
